{"cameraMode":{"drawMode":0,"name":"Shaded","section":"Shading Mode"},"sceneLighting":false,"audioPlay":false,"sceneViewState":{"showFog":true,"showMaterialUpdate":true,"showSkybox":false,"showFlares":true,"showImageEffects":true,"showParticleSystems":true},"in2DMode":false,"pivot":{"x":1.358656406402588,"y":2.9824471473693849,"z":-8.377066612243653},"rotation":{"x":0.059368450194597247,"y":0.9404706358909607,"z":-0.22746886312961579,"w":0.2454594224691391},"size":1.1715774536132813,"orthographic":false}